"","kmer","count"
"1","AAAAAGAG",3
"2","AAAAATTA",2
"3","AAAACATT",2
"4","AAAAGAGA",2
"5","AAAAGAGC",2
"6","AAAATGAG",3
"7","AAAGAGAT",4
"8","AAAGCCGC",2
"9","AAAGCTAC",2
"10","AAAGGATA",2
"11","AAATACGT",2
"12","AAATCTGC",2
"13","AAATGAGA",3
"14","AACAATTT",2
"15","AACCCTGA",2
"16","AAGACGGT",2
"17","AAGAGATT",5
"18","AAGATGAT",2
"19","AAGATTGC",2
"20","AAGCTCTT",2
"21","AAGCTGGT",2
"22","AAGCTGTT",2
"23","AAGGACTG",2
"24","AAGGATAT",2
"25","AAGGCGCT",2
"26","AAGTTACT",2
"27","AATCAGAA",2
"28","AATCAGGT",2
"29","AATCATGA",2
"30","AATCTGCC",2
"31","AATGCTTG",2
"32","AATTTTAA",2
"33","ACAAATCT",2
"34","ACCAAGCT",2
"35","ACCATGAT",2
"36","ACCCTAAT",2
"37","ACCCTCCC",2
"38","ACCCTGAT",2
"39","ACGCAGAA",3
"40","ACGCCGTT",2
"41","ACGTTCGT",2
"42","ACGTTCTG",2
"43","ACGTTTAT",2
"44","ACTATTTT",2
"45","ACTGACCA",2
"46","ACTGACGC",2
"47","AGAAGTTA",2
"48","AGAATCAG",2
"49","AGAGATTC",3
"50","AGAGATTG",2
"51","AGATGGAT",2
"52","AGATTGAG",2
"53","AGATTGCT",3
"54","AGCTTAAT",2
"55","AGGATATT",2
"56","AGGTAAAA",2
"57","AGTATTTT",2
"58","AGTTACTG",2
"59","ATATTGCT",2
"60","ATATTTCT",2
"61","ATCAGGTT",2
"62","ATGAAGGA",2
"63","ATGAGTCA",2
"64","ATGATGTT",3
"65","ATGCTGGT",2
"66","ATGCTTGG",3
"67","ATGGTATT",2
"68","ATGGTGGT",2
"69","ATGTCTAA",3
"70","ATGTTTTC",2
"71","ATTAAATC",2
"72","ATTATCTT",2
"73","ATTCAAAC",3
"74","ATTCAAGG",2
"75","ATTCTGTC",2
"76","ATTGAGGC",2
"77","ATTGCTGG",4
"78","ATTGGTCG",2
"79","ATTTGTCT",2
"80","ATTTTAAA",2
"81","ATTTTAAT",2
"82","CAAAAAGA",4
"83","CAAAATGA",2
"84","CAAACGGC",2
"85","CAAATCTG",2
"86","CAAGAACG",2
"87","CAAGCTGG",2
"88","CAAGGACT",2
"89","CAATGCTT",2
"90","CACTTCTG",2
"91","CAGAATCA",2
"92","CAGATGGA",2
"93","CAGTATTT",2
"94","CATCGTCA",2
"95","CATTCAAG",2
"96","CATTCAGG",2
"97","CATTTGGA",2
"98","CCAAGCTG",2
"99","CCAATGCT",2
"100","CCATGATG",2
"101","CCCAATGC",2
"102","CCCGACTG",2
"103","CCGACTGC",2
"104","CCTGTTGA",2
"105","CCTGTTTT",2
"106","CCTTGCTG",2
"107","CGAAAAAT",2
"108","CGCAGAAG",2
"109","CGCCAAAT",2
"110","CGCTGAAT",3
"111","CGTCAAGG",2
"112","CGTGATTA",2
"113","CGTGGCCT",2
"114","CGTTCTGG",3
"115","CGTTCTTA",2
"116","CGTTTATG",3
"117","CGTTTTGG",2
"118","CTAAAGCT",2
"119","CTAAAGGT",4
"120","CTAACCCT",2
"121","CTAATTTG",2
"122","CTACTGCT",2
"123","CTATGATG",2
"124","CTATTGAC",3
"125","CTCAAAAA",2
"126","CTCCCGAC",2
"127","CTGACCAA",2
"128","CTGACGTT",2
"129","CTGAGCTT",2
"130","CTGATAAG",2
"131","CTGATGAG",2
"132","CTGATGCT",2
"133","CTGATGGT",2
"134","CTGCCGTT",2
"135","CTGCTTAT",2
"136","CTGCTTCT",2
"137","CTGGCGAC",2
"138","CTGGTCAG",2
"139","CTGGTCGT",2
"140","CTGGTGAT",2
"141","CTGGTGCT",2
"142","CTGTTACT",2
"143","CTGTTGGT",2
"144","CTTATTAC",2
"145","CTTCATTT",2
"146","CTTCTGCC",2
"147","CTTCTGGT",2
"148","CTTCTTCG",2
"149","CTTCTTGA",2
"150","CTTGAAGG",2
"151","CTTGCTGC",3
"152","CTTGCTGG",2
"153","CTTGGCAC",2
"154","CTTGGCTT",2
"155","GAAGGAGT",2
"156","GAAGGATG",2
"157","GAAGTTAA",2
"158","GACAAATC",2
"159","GACATTTT",2
"160","GACCCTAA",2
"161","GACCTTTC",2
"162","GACGCAGA",2
"163","GACGCCGT",2
"164","GACGGTTA",2
"165","GAGATTAT",2
"166","GAGATTCT",2
"167","GAGATTGC",2
"168","GAGCGTAT",2
"169","GAGCTTAA",2
"170","GAGGCTTG",2
"171","GAGGCTTT",2
"172","GATAAAGC",2
"173","GATATTGC",2
"174","GATATTTC",2
"175","GATGGATA",2
"176","GATTATTT",2
"177","GATTCTGT",2
"178","GATTGCTG",3
"179","GCAAGCTG",2
"180","GCATTCAG",2
"181","GCCAAATG",2
"182","GCCGCTGA",3
"183","GCGTTGAG",2
"184","GCTAAAGG",3
"185","GCTATTGA",2
"186","GCTCTAAT",3
"187","GCTGAATT",2
"188","GCTGAGGG",2
"189","GCTGATGG",2
"190","GCTGCTTC",2
"191","GCTGGCGA",2
"192","GCTGGCGG",2
"193","GCTGGTAA",2
"194","GCTGGTAT",2
"195","GCTGGTCA",2
"196","GCTGTTCA",2
"197","GCTTAATC",2
"198","GCTTATCA",2
"199","GCTTCCAT",2
"200","GCTTCCTC",2
"201","GCTTCTGC",2
"202","GGAAAACA",2
"203","GGACTGCT",2
"204","GGATATTT",2
"205","GGCATTCA",2
"206","GGCGCTCG",2
"207","GGCTCTAA",2
"208","GGTAAAAA",2
"209","GGTATTAA",2
"210","GGTGATTT",2
"211","GGTGCTAT",2
"212","GGTGCTGA",2
"213","GGTTATTA",2
"214","GGTTGGTT",2
"215","GGTTTCCG",2
"216","GGTTTTCT",2
"217","GTATGGTT",2
"218","GTATGTTT",2
"219","GTCAAAAA",3
"220","GTCAAGGA",2
"221","GTCTAGGA",2
"222","GTGACTAT",2
"223","GTGCTGAT",2
"224","GTGGATTA",2
"225","GTGGCATT",2
"226","GTGGCCTT",2
"227","GTGTTCAA",2
"228","GTTAACAC",2
"229","GTTAATGC",2
"230","GTTACTGA",2
"231","GTTATATT",2
"232","GTTCAACC",2
"233","GTTCTGGT",2
"234","GTTGAGTT",2
"235","GTTGGTTT",3
"236","GTTTATCG",2
"237","GTTTATGG",2
"238","GTTTCCAG",2
"239","GTTTTCCG",2
"240","GTTTTCTG",2
"241","TAAAGAGA",2
"242","TAAAGCTA",2
"243","TAAAGCTG",3
"244","TAAAGGTG",2
"245","TAACACTA",2
"246","TAACCCTG",2
"247","TAATGGTG",2
"248","TACCGATA",2
"249","TACTGACC",2
"250","TACTGTAG",3
"251","TATGATGT",2
"252","TATGCGCC",2
"253","TATGGTAC",2
"254","TATGGTTC",2
"255","TATTGCTG",3
"256","TATTGCTT",2
"257","TATTTTGA",2
"258","TCAAAAAC",2
"259","TCAAAAAG",3
"260","TCAAACGG",2
"261","TCAACAGA",2
"262","TCAAGCTC",2
"263","TCAAGGAC",2
"264","TCAGGTTA",2
"265","TCAGTATT",2
"266","TCATGGTA",2
"267","TCATTCAG",2
"268","TCCCGACT",2
"269","TCCGGTTA",2
"270","TCCTGAGC",2
"271","TCGCAAGG",2
"272","TCGTGATA",2
"273","TCGTTATG",2
"274","TCTAATGT",2
"275","TCTCGCCA",2
"276","TCTGATAA",2
"277","TCTGCCGT",2
"278","TCTGGTGA",2
"279","TCTGTCAA",2
"280","TCTGTTAC",2
"281","TCTTATTA",2
"282","TCTTCATT",3
"283","TCTTGAAG",2
"284","TCTTGCTG",3
"285","TCTTTCTC",2
"286","TGAAGGAT",2
"287","TGACCAAA",2
"288","TGACCAAG",2
"289","TGACGCAG",2
"290","TGACGTTC",2
"291","TGACTATT",2
"292","TGAGCCGC",2
"293","TGAGCTTA",2
"294","TGAGGCTT",2
"295","TGATAAAG",3
"296","TGATATTG",2
"297","TGATGAGT",2
"298","TGATGCTG",2
"299","TGCAAAAT",2
"300","TGCCGACC",2
"301","TGCCGCTG",2
"302","TGCCGTTT",2
"303","TGCTAAAG",2
"304","TGCTATTG",3
"305","TGCTGAGG",2
"306","TGCTGATG",2
"307","TGCTGCCG",2
"308","TGCTGGCG",3
"309","TGCTGGTA",3
"310","TGCTGGTG",2
"311","TGCTTATC",2
"312","TGCTTCTG",3
"313","TGCTTGCT",2
"314","TGCTTGGC",2
"315","TGGAACAA",2
"316","TGGACTGC",2
"317","TGGCATTC",2
"318","TGGCGCTC",2
"319","TGGCTAAA",2
"320","TGGCTTCC",2
"321","TGGTATTG",2
"322","TGGTCGTC",3
"323","TGGTGATT",2
"324","TGGTGCTA",2
"325","TGGTGCTG",2
"326","TGGTGGTT",2
"327","TGGTTGGT",2
"328","TGTATGTT",2
"329","TGTCTAAA",2
"330","TGTTCAAC",2
"331","TGTTGATG",2
"332","TGTTGGTT",2
"333","TGTTTCAG",2
"334","TGTTTCTG",2
"335","TGTTTGGT",2
"336","TTAACACT",2
"337","TTAAGGAT",2
"338","TTAATGCT",2
"339","TTATACCG",2
"340","TTATCGCT",2
"341","TTATCTTG",2
"342","TTATGCGC",3
"343","TTATGGTT",3
"344","TTATTACC",2
"345","TTATTTCT",2
"346","TTCAAACT",2
"347","TTCAACCA",2
"348","TTCATGGT",3
"349","TTCCTGAG",2
"350","TTCGATAA",2
"351","TTCGTATG",2
"352","TTCGTGAT",3
"353","TTCTCGCC",2
"354","TTCTGACG",2
"355","TTCTGATA",2
"356","TTCTGCCG",2
"357","TTCTGGTG",4
"358","TTCTTCAT",2
"359","TTCTTCGG",2
"360","TTCTTGAA",2
"361","TTGACATT",2
"362","TTGACTTA",2
"363","TTGAGGCT",3
"364","TTGATAAA",2
"365","TTGATATT",2
"366","TTGCTATT",2
"367","TTGCTGCC",3
"368","TTGCTGCT",2
"369","TTGCTGGC",3
"370","TTGCTGGT",2
"371","TTGCTTAT",2
"372","TTGGAGGC",2
"373","TTGGCACG",2
"374","TTGGCGCT",2
"375","TTGGCTTC",2
"376","TTGGTCGT",3
"377","TTGGTGCT",2
"378","TTGGTTTC",3
"379","TTGTTTCT",2
"380","TTTATCGC",2
"381","TTTATGCG",2
"382","TTTATGGT",3
"383","TTTATGTT",2
"384","TTTCATGG",2
"385","TTTCCGTT",2
"386","TTTCTATG",2
"387","TTTCTCGC",2
"388","TTTCTGAT",3
"389","TTTCTGGT",2
"390","TTTCTTCA",2
"391","TTTGACTT",2
"392","TTTGCCGC",2
"393","TTTGGAGG",2
"394","TTTGGATT",2
"395","TTTGTTTC",2
"396","TTTTAATT",2
"397","TTTTCATG",2
"398","TTTTCTGA",2
"399","TTTTGCCG",2
"400","TTTTTATG",2
"401","TTTTTGCC",2
